{
  "sensitivity_size": [
    {
      "name": "size_15",
      "team_size": 15,
      "departments": {
        "Разработка": 6,
        "Продажи": 5,
        "Поддержка": 4
      },
      "seed": 42,
      "p_intra": 0.45,
      "p_inter": 0.03,
      "mean_delta_targeted": 0.12223346978937057,
      "mean_delta_universal": 0.0426085072523172,
      "ttest_targeted_kpi": [
        2.745628738016073,
        0.015779827649121354
      ],
      "ttest_universal_kpi": [
        2.042358383176101,
        0.06042109295624308
      ],
      "mannwhitney": [
        148.0,
        0.07328801715450034
      ],
      "ttest_targeted_degree": [
        2.8734875978124164,
        0.012267946135816544
      ],
      "findings_targeted": {
        "изолированный": [
          "E03",
          "E11"
        ],
        "перегруженный посредник": [
          "E07"
        ]
      },
      "gaps_targeted": []
    },
    {
      "name": "size_20",
      "team_size": 20,
      "departments": {
        "Разработка": 8,
        "Продажи": 7,
        "Поддержка": 5
      },
      "seed": 42,
      "p_intra": 0.45,
      "p_inter": 0.03,
      "mean_delta_targeted": 0.09977081781356897,
      "mean_delta_universal": 0.055942618658995455,
      "ttest_targeted_kpi": [
        3.4852754981528826,
        0.0024767204381131295
      ],
      "ttest_universal_kpi": [
        5.0639969089769865,
        6.892637102665146e-05
      ],
      "mannwhitney": [
        248.0,
        0.09941724510414723
      ],
      "ttest_targeted_degree": [
        2.9641042890748315,
        0.007969875932519148
      ],
      "findings_targeted": {
        "изолированный": [
          "E03",
          "E13"
        ],
        "перегруженный посредник": [
          "E16",
          "E17",
          "E20"
        ]
      },
      "gaps_targeted": [
        [
          "Продажи",
          "Разработка"
        ]
      ]
    },
    {
      "name": "size_25",
      "team_size": 25,
      "departments": {
        "Разработка": 10,
        "Продажи": 8,
        "Поддержка": 7
      },
      "seed": 42,
      "p_intra": 0.45,
      "p_inter": 0.03,
      "mean_delta_targeted": 0.15824221400123345,
      "mean_delta_universal": 0.051838250211505184,
      "ttest_targeted_kpi": [
        6.9048552109854855,
        3.8526435690641204e-07
      ],
      "ttest_universal_kpi": [
        4.772692847856641,
        7.401916106983974e-05
      ],
      "mannwhitney": [
        511.0,
        6.107655392084601e-05
      ],
      "ttest_targeted_degree": [
        3.9007228360816386,
        0.0006768999953725831
      ],
      "findings_targeted": {
        "изолированный": [
          "E03",
          "E15"
        ],
        "перегруженный посредник": [
          "E21",
          "E23"
        ]
      },
      "gaps_targeted": [
        [
          "Продажи",
          "Разработка"
        ]
      ]
    },
    {
      "name": "size_30",
      "team_size": 30,
      "departments": {
        "Разработка": 12,
        "Продажи": 10,
        "Поддержка": 8
      },
      "seed": 42,
      "p_intra": 0.45,
      "p_inter": 0.03,
      "mean_delta_targeted": 0.12648485768194268,
      "mean_delta_universal": 0.06445881478942277,
      "ttest_targeted_kpi": [
        4.257183526558633,
        0.00019820260596257466
      ],
      "ttest_universal_kpi": [
        4.264977853399952,
        0.00019400707154765758
      ],
      "mannwhitney": [
        600.0,
        0.013543159194147968
      ],
      "ttest_targeted_degree": [
        2.6412942912566844,
        0.013166679640150818
      ],
      "findings_targeted": {
        "изолированный": [
          "E03",
          "E17"
        ],
        "перегруженный посредник": [
          "E02",
          "E13",
          "E26",
          "E27",
          "E30"
        ]
      },
      "gaps_targeted": [
        [
          "Продажи",
          "Разработка"
        ]
      ]
    },
    {
      "name": "size_40",
      "team_size": 40,
      "departments": {
        "Разработка": 16,
        "Продажи": 13,
        "Поддержка": 11
      },
      "seed": 42,
      "p_intra": 0.45,
      "p_inter": 0.03,
      "mean_delta_targeted": 0.12058282443223663,
      "mean_delta_universal": 0.022570081459950493,
      "ttest_targeted_kpi": [
        5.450531990400875,
        2.9977127238045163e-06
      ],
      "ttest_universal_kpi": [
        2.5945970704740073,
        0.013274707564218103
      ],
      "mannwhitney": [
        1295.0,
        9.7547425945781e-07
      ],
      "ttest_targeted_degree": [
        4.5597197598992825,
        4.9692532635897734e-05
      ],
      "findings_targeted": {
        "изолированный": [
          "E03",
          "E21"
        ],
        "перегруженный посредник": [
          "E05",
          "E31",
          "E33"
        ]
      },
      "gaps_targeted": [
        [
          "Продажи",
          "Разработка"
        ]
      ]
    }
  ],
  "sensitivity_seed": [
    {
      "name": "seed_1",
      "team_size": 25,
      "departments": {
        "Разработка": 10,
        "Продажи": 8,
        "Поддержка": 7
      },
      "seed": 1,
      "p_intra": 0.45,
      "p_inter": 0.03,
      "mean_delta_targeted": 0.12591848317080565,
      "mean_delta_universal": 0.045711583482386964,
      "ttest_targeted_kpi": [
        3.6355562667366517,
        0.0013158053041423588
      ],
      "ttest_universal_kpi": [
        4.1928048333374015,
        0.000323355224892524
      ],
      "mannwhitney": [
        426.0,
        0.014170916348690617
      ],
      "ttest_targeted_degree": [
        2.745049622189679,
        0.0112758848771237
      ],
      "findings_targeted": {
        "изолированный": [
          "E03",
          "E15"
        ],
        "перегруженный посредник": [
          "E13",
          "E19",
          "E24"
        ]
      },
      "gaps_targeted": [
        [
          "Продажи",
          "Разработка"
        ]
      ]
    },
    {
      "name": "seed_7",
      "team_size": 25,
      "departments": {
        "Разработка": 10,
        "Продажи": 8,
        "Поддержка": 7
      },
      "seed": 7,
      "p_intra": 0.45,
      "p_inter": 0.03,
      "mean_delta_targeted": 0.15437080293537353,
      "mean_delta_universal": 0.04105701595356577,
      "ttest_targeted_kpi": [
        4.946243625427105,
        4.7638125548735105e-05
      ],
      "ttest_universal_kpi": [
        3.5431865021949736,
        0.0016554738322584518
      ],
      "mannwhitney": [
        512.0,
        5.642333334078278e-05
      ],
      "ttest_targeted_degree": [
        3.595282826315116,
        0.0014545699146230914
      ],
      "findings_targeted": {
        "изолированный": [
          "E03",
          "E15"
        ],
        "перегруженный посредник": [
          "E07",
          "E22"
        ]
      },
      "gaps_targeted": [
        [
          "Продажи",
          "Разработка"
        ]
      ]
    },
    {
      "name": "seed_13",
      "team_size": 25,
      "departments": {
        "Разработка": 10,
        "Продажи": 8,
        "Поддержка": 7
      },
      "seed": 13,
      "p_intra": 0.45,
      "p_inter": 0.03,
      "mean_delta_targeted": 0.13268763258374572,
      "mean_delta_universal": 0.015211321239064046,
      "ttest_targeted_kpi": [
        5.046731804454002,
        3.692777793620102e-05
      ],
      "ttest_universal_kpi": [
        1.1318958441233944,
        0.26886131840530114
      ],
      "mannwhitney": [
        502.0,
        0.00012263990600062992
      ],